{
  "0:1": {
    "channel": "0",
    "feedback_id": 17,
    "method": "auto",
    "model": "8009",
    "motor_id": 1,
    "pos_max": 1.20813,
    "pos_min": -1.20813,
    "result": {
      "center": 1.15225,
      "high_stop": 2.36038,
      "kd": 0.45,
      "kp": 10.0,
      "lead": 0.18,
      "low_stop": -0.05589,
      "ok": true,
      "pos_max": 1.20813,
      "pos_min": -1.20813,
      "residual_pos": -0.00019,
      "span": 2.41627,
      "speed": 1.25
    },
    "saved_at": 1781894684.5090652
  },
  "0:3": {
    "channel": "0",
    "feedback_id": 19,
    "method": "auto",
    "model": "4340_v20",
    "motor_id": 3,
    "pos_max": 1.58179,
    "pos_min": -1.58179,
    "result": {
      "center": -0.01106,
      "high_stop": 1.57073,
      "kd": 0.45,
      "kp": 10.0,
      "lead": 0.18,
      "low_stop": -1.59285,
      "ok": true,
      "pos_max": 1.58179,
      "pos_min": -1.58179,
      "residual_pos": -0.00019,
      "span": 3.16358,
      "speed": 1.25
    },
    "saved_at": 1781895418.4656117
  },
  "1:1": {
    "channel": "1",
    "feedback_id": 17,
    "method": "auto",
    "model": "8009",
    "motor_id": 1,
    "pos_max": 1.23732,
    "pos_min": -1.23732,
    "result": {
      "center": 1.15015,
      "high_stop": 2.38746,
      "kd": 0.45,
      "kp": 10.0,
      "lead": 0.18,
      "low_stop": -0.08717,
      "ok": true,
      "pos_max": 1.23732,
      "pos_min": -1.23732,
      "residual_pos": 0.00057,
      "span": 2.47463,
      "speed": 1.25
    },
    "saved_at": 1781894701.0985277
  },
  "1:3": {
    "channel": "1",
    "feedback_id": 19,
    "method": "auto",
    "model": "4340_v20",
    "motor_id": 3,
    "pos_max": 1.58255,
    "pos_min": -1.58255,
    "result": {
      "center": -0.03586,
      "high_stop": 1.54669,
      "kd": 0.45,
      "kp": 10.0,
      "lead": 0.18,
      "low_stop": -1.61841,
      "ok": true,
      "pos_max": 1.58255,
      "pos_min": -1.58255,
      "residual_pos": -0.00019,
      "span": 3.1651,
      "speed": 1.25
    },
    "saved_at": 1781895432.3911915
  }
}
