{
  "0:1": {
    "channel": "0",
    "feedback_id": 17,
    "method": "auto",
    "model": "8009",
    "motor_id": 1,
    "pos_max": 1.20813,
    "pos_min": -1.20813,
    "result": {
      "center": 1.15225,
      "high_stop": 2.36038,
      "kd": 0.45,
      "kp": 10.0,
      "lead": 0.18,
      "low_stop": -0.05589,
      "ok": true,
      "pos_max": 1.20813,
      "pos_min": -1.20813,
      "residual_pos": -0.00019,
      "span": 2.41627,
      "speed": 1.25
    },
    "saved_at": 1781894684.5090652
  },
  "0:3": {
    "channel": "0",
    "feedback_id": 19,
    "method": "auto",
    "model": "4340_v20",
    "motor_id": 3,
    "pos_max": 1.58179,
    "pos_min": -1.58179,
    "result": {
      "center": -0.01106,
      "high_stop": 1.57073,
      "kd": 0.45,
      "kp": 10.0,
      "lead": 0.18,
      "low_stop": -1.59285,
      "ok": true,
      "pos_max": 1.58179,
      "pos_min": -1.58179,
      "residual_pos": -0.00019,
      "span": 3.16358,
      "speed": 1.25
    },
    "saved_at": 1781895418.4656117
  },
  "0:4": {
    "channel": "0",
    "feedback_id": 20,
    "method": "j4_back_saved_front",
    "model": "4340_v20",
    "motor_id": 4,
    "pos_max": 1.09,
    "pos_min": -1.09,
    "result": {
      "center": 0.19029,
      "high_stop": 1.28029,
      "kd": 0.5,
      "kp": 12.0,
      "lead": 0.25,
      "low_stop": -0.89971,
      "ok": true,
      "pos_max": 1.09,
      "pos_min": -1.09,
      "residual_pos": -0.02651,
      "span": 2.18,
      "speed": 1.5
    },
    "saved_at": 1781895595.8097312
  },
  "0:5": {
    "channel": "0",
    "feedback_id": 21,
    "method": "auto",
    "model": "4310P",
    "motor_id": 5,
    "pos_max": 1.58408,
    "pos_min": -1.58408,
    "result": {
      "center": -0.02976,
      "high_stop": 1.55432,
      "kd": 0.45,
      "kp": 10.0,
      "lead": 0.18,
      "low_stop": -1.61383,
      "ok": true,
      "pos_max": 1.58408,
      "pos_min": -1.58408,
      "residual_pos": -0.00019,
      "span": 3.16815,
      "speed": 1.25
    },
    "saved_at": 1781895635.566861
  },
  "0:6": {
    "channel": "0",
    "feedback_id": 22,
    "method": "auto",
    "model": "4310P",
    "motor_id": 6,
    "pos_max": 0.79633,
    "pos_min": -0.79633,
    "result": {
      "center": -0.02327,
      "high_stop": 0.77306,
      "kd": 0.45,
      "kp": 10.0,
      "lead": 0.18,
      "low_stop": -0.8196,
      "ok": true,
      "pos_max": 0.79633,
      "pos_min": -0.79633,
      "residual_pos": 0.00248,
      "span": 1.59266,
      "speed": 1.25
    },
    "saved_at": 1781895662.7910314
  },
  "0:7": {
    "channel": "0",
    "feedback_id": 23,
    "method": "auto",
    "model": "4310P",
    "motor_id": 7,
    "pos_max": 1.29301,
    "pos_min": -1.29301,
    "result": {
      "center": -0.01564,
      "high_stop": 1.27737,
      "kd": 0.45,
      "kp": 10.0,
      "lead": 0.18,
      "low_stop": -1.30865,
      "ok": true,
      "pos_max": 1.29301,
      "pos_min": -1.29301,
      "residual_pos": 0.00019,
      "span": 2.58602,
      "speed": 1.25
    },
    "saved_at": 1781895798.2539303
  },
  "0:8": {
    "channel": "0",
    "feedback_id": 24,
    "method": "auto",
    "model": "4310P",
    "motor_id": 8,
    "pos_max": 0.59358,
    "pos_min": -0.59358,
    "result": {
      "center": -0.02461,
      "high_stop": 0.56897,
      "kd": 0.45,
      "kp": 10.0,
      "lead": 0.18,
      "low_stop": -0.61818,
      "ok": true,
      "pos_max": 0.59358,
      "pos_min": -0.59358,
      "residual_pos": -0.00019,
      "span": 1.18715,
      "speed": 1.25
    },
    "saved_at": 1781895821.0869274
  },
  "1:1": {
    "channel": "1",
    "feedback_id": 17,
    "method": "auto",
    "model": "8009",
    "motor_id": 1,
    "pos_max": 1.23732,
    "pos_min": -1.23732,
    "result": {
      "center": 1.15015,
      "high_stop": 2.38746,
      "kd": 0.45,
      "kp": 10.0,
      "lead": 0.18,
      "low_stop": -0.08717,
      "ok": true,
      "pos_max": 1.23732,
      "pos_min": -1.23732,
      "residual_pos": 0.00057,
      "span": 2.47463,
      "speed": 1.25
    },
    "saved_at": 1781894701.0985277
  },
  "1:3": {
    "channel": "1",
    "feedback_id": 19,
    "method": "auto",
    "model": "4340_v20",
    "motor_id": 3,
    "pos_max": 1.58255,
    "pos_min": -1.58255,
    "result": {
      "center": -0.03586,
      "high_stop": 1.54669,
      "kd": 0.45,
      "kp": 10.0,
      "lead": 0.18,
      "low_stop": -1.61841,
      "ok": true,
      "pos_max": 1.58255,
      "pos_min": -1.58255,
      "residual_pos": -0.00019,
      "span": 3.1651,
      "speed": 1.25
    },
    "saved_at": 1781895432.3911915
  },
  "1:4": {
    "channel": "1",
    "feedback_id": 20,
    "method": "j4_back_saved_front",
    "model": "4340_v20",
    "motor_id": 4,
    "pos_max": 1.09,
    "pos_min": -1.09,
    "result": {
      "center": 0.19067,
      "high_stop": 1.28067,
      "kd": 0.5,
      "kp": 12.0,
      "lead": 0.25,
      "low_stop": -0.89933,
      "ok": true,
      "pos_max": 1.09,
      "pos_min": -1.09,
      "residual_pos": -0.00019,
      "span": 2.18,
      "speed": 1.5
    },
    "saved_at": 1781895601.5335338
  },
  "1:5": {
    "channel": "1",
    "feedback_id": 21,
    "method": "auto",
    "model": "4310P",
    "motor_id": 5,
    "pos_max": 1.59094,
    "pos_min": -1.59094,
    "result": {
      "center": -0.02136,
      "high_stop": 1.56958,
      "kd": 0.45,
      "kp": 10.0,
      "lead": 0.18,
      "low_stop": -1.61231,
      "ok": true,
      "pos_max": 1.59094,
      "pos_min": -1.59094,
      "residual_pos": -0.00019,
      "span": 3.18189,
      "speed": 1.25
    },
    "saved_at": 1781895647.681281
  },
  "1:6": {
    "channel": "1",
    "feedback_id": 22,
    "method": "auto",
    "model": "4310P",
    "motor_id": 6,
    "pos_max": 0.79576,
    "pos_min": -0.79576,
    "result": {
      "center": -0.01812,
      "high_stop": 0.77764,
      "kd": 0.45,
      "kp": 10.0,
      "lead": 0.18,
      "low_stop": -0.81388,
      "ok": true,
      "pos_max": 0.79576,
      "pos_min": -0.79576,
      "residual_pos": -0.00019,
      "span": 1.59152,
      "speed": 1.25
    },
    "saved_at": 1781895671.4298067
  },
  "1:7": {
    "channel": "1",
    "feedback_id": 23,
    "method": "auto",
    "model": "4310P",
    "motor_id": 7,
    "pos_max": 1.29969,
    "pos_min": -1.29969,
    "result": {
      "center": -0.01354,
      "high_stop": 1.28615,
      "kd": 0.45,
      "kp": 10.0,
      "lead": 0.18,
      "low_stop": -1.31323,
      "ok": true,
      "pos_max": 1.29969,
      "pos_min": -1.29969,
      "residual_pos": -0.00019,
      "span": 2.59937,
      "speed": 1.25
    },
    "saved_at": 1781895810.084085
  },
  "1:8": {
    "channel": "1",
    "feedback_id": 24,
    "method": "auto",
    "model": "4310P",
    "motor_id": 8,
    "pos_max": 0.5663,
    "pos_min": -0.5663,
    "result": {
      "center": -0.02708,
      "high_stop": 0.53922,
      "kd": 0.45,
      "kp": 10.0,
      "lead": 0.18,
      "low_stop": -0.59338,
      "ok": true,
      "pos_max": 0.5663,
      "pos_min": -0.5663,
      "residual_pos": -0.00019,
      "span": 1.1326,
      "speed": 1.25
    },
    "saved_at": 1781895829.0004838
  },
  "can0:1": {
    "channel": "can0",
    "feedback_id": 17,
    "method": "j1_auto_hang",
    "model": "8009",
    "motor_id": 1,
    "pos_max": 0.0,
    "pos_min": -1.95888,
    "result": {
      "center": 0.85508,
      "high_stop": 0.85508,
      "kd": 0.45,
      "kp": 10.0,
      "lead": 0.18,
      "low_stop": -1.1038,
      "ok": false,
      "pos_max": 0.0,
      "pos_min": -1.95888,
      "residual_pos": -0.17987,
      "span": 1.95888,
      "speed": 1.25
    },
    "saved_at": 1782932924.6233442
  },
  "can0:2": {
    "channel": "can0",
    "feedback_id": 18,
    "method": "j2_auto_hang",
    "model": "8009",
    "motor_id": 2,
    "pos_max": -0.00038,
    "pos_min": -1.05631,
    "result": {
      "center": 0.88102,
      "high_stop": 0.88064,
      "kd": 0.45,
      "kp": 10.0,
      "lead": 0.18,